Image,Label
77ed9800-875c-45fb-83a4-9e3dabc5c949.jpg,1
9840157a-4ce2-43f5-b87c-a7d3caea25bd.jpg,0
4aca1253-6c45-49d8-a5d2-8538acc18c6d.jpg,1
5784306d-c9a6-4b25-8b94-0da39b234689.jpg,1
3d5627b8-1c25-4066-abdf-92b87a9a6897.jpg,0
43471290-6ae1-476c-87d1-d8b871f94894.jpg,0
58d5aeb4-4953-4b7a-94c9-a2fd0d1f8ef6.jpg,1
9c3e58aa-10df-4b8f-8573-4964b3bcdce7.jpg,0
8b14625e-07fe-4d6a-a008-85e95d103afd.jpg,1
899c3525-6346-453d-81b6-b56688fbecf5.jpg,0
e635b78f-c47a-4d8a-a1f3-0120105a013d.jpg,1
52862ceb-a328-478d-88d8-6eab9f4c5c52.jpg,1
0ed54cbb-63e6-4d48-ad01-3c70e62c4a0a.jpg,0
ab30197c-2ade-43a4-ba02-1dd6d6058d6f.jpg,1
f4fbce62-3807-4819-9b4e-f71a9da5af3a.jpg,0
9497af06-bf54-407e-aa77-09c889364c07.jpg,1
7522b222-bde5-48e0-b837-f5207f7e34a1.jpg,1
1d19dc6a-69b1-4ea4-9d1c-c93ed93895f0.jpg,1
7adec9e1-e768-4f2b-9797-1aa351ec8b17.jpg,1
669f60a3-51af-4a98-b55f-fb559e6ce379.jpg,0
d238b868-3948-444a-8d8e-c28137621f84.jpg,0
efa3da41-1946-45f8-a879-6a6419198f38.jpg,1
6884f1ab-481c-4d4a-8999-0a3bfc4e843a.jpg,1
011c2f6a-ca7a-463a-aedf-c902c063c82b.jpg,1
7438961e-c906-4d6d-a302-bb61b1eec51a.jpg,0
a30a39bb-b69b-41e4-b429-a8c97b4104c3.jpg,1
fda364ee-daa3-43de-83f7-fe9d74f648df.jpg,0
bd6bdb9d-8889-49f1-bdd1-f17c1eee513a.jpg,0
7ad957e5-b085-4bf8-b41f-5cf1fd9cf7a4.jpg,1
890bcfbd-654e-4bc1-b201-f6cb9da10201.jpg,1
22856768-311c-4ccf-bda9-af64ff8893a8.jpg,1
818db1cc-d0c6-46be-ade8-9b57927b6ca6.jpg,1
072c6860-cb57-4ff2-868e-0f47403a5e60.jpg,1
2c48f0d4-ddd8-4ddf-b93d-9096cb6cf44b.jpg,0
95f95cc7-c418-4444-90bf-267861dcb129.jpg,1
4cb804d8-6663-4823-8ae2-cd19b7d9feec.jpg,0
863a0087-6e0a-4586-b325-9d3d7926c861.jpg,0
0008b844-67b1-4902-a16f-7c55270970f6.jpg,1
0980af4b-ba45-487f-88a5-8955abb3f1c7.jpg,0
09abb859-9eaa-4c48-9dc7-d7fe9f554fd2.jpg,1
60c08c19-8248-411f-9774-c197bd4756df.jpg,0
bc64e358-5b29-4faa-bc67-8c011603cb0f.jpg,0
5799cfd2-51d4-4624-83e7-ca2b145b7057.jpg,0
23231cc2-5250-44d2-bad8-355dd8454f3f.jpg,1
cdf33fcf-e9cd-4d85-a639-6ad84077ea5d.jpg,1
bccb3139-c8d6-49e9-8824-14f22efdc481.jpg,0
b2819936-4bee-4efb-9705-5042a7392936.jpg,1
a5b0c464-e9c0-4b32-8c51-8177440d5818.jpg,0
9e81d3a2-611c-4709-9fd8-102085ee04a7.jpg,1
7eaacec9-6e2d-4419-aee7-0326f916ef83.jpg,1
af614487-2658-4201-960e-6970f10990d2.jpg,0
48316b95-2df7-4094-b0e0-e8e109c01528.jpg,1
55056d79-3442-4bcc-a91a-3014aebea75c.jpg,0
5412a238-064f-4b00-94c1-2dc8c6cbb505.jpg,1
e37717d3-cabf-479e-b854-7fd5a8b38030.jpg,1
37130e9c-ead1-4e89-ac40-aeddb3d6dd30.jpg,0
e5260547-0535-4d24-a123-5d2ac0fe4d14.jpg,1
f67d40f4-b2b4-46df-a9e3-97872e4303be.jpg,1
136afc0c-3657-4c25-b509-bb472a137eed.jpg,0
6ed8fef3-96f1-45b6-972b-b45e11fa4a58.jpg,0
1f2e6bee-8f0e-4c75-a13b-9ecfdb7e1756.jpg,1
07da983a-13c9-4b87-80a6-5fce23c3ee71.jpg,1
1fe3e650-983f-450d-8d9c-72a5b7d0271f.jpg,1
8500c41d-4edb-4fa4-9cc1-10f413dab42c.jpg,0
c5d758ae-c5a8-466e-8366-76fdbe602863.jpg,1
8f381e2c-b23e-4b3e-abc7-546101ad35a9.jpg,1
94b9fb58-ba32-4c94-aa48-8faad449eb35.jpg,0
e5f68384-5cac-4d9a-946d-eefccd8bf577.jpg,0
c1acc9d1-1084-452d-b7d5-c4c53739dd82.jpg,1
efc1e9f8-e649-4162-ad74-9e1f7cf84123.jpg,1
e22ee0c2-7281-4256-8964-dc3a6c3ea5eb.jpg,0
600fe3fa-c380-46e6-becc-d31c8285001b.jpg,1
1a44f30d-81fc-45eb-be8f-5f2a90dd5382.jpg,0
a844c95b-5120-43d3-a702-ae147c1d2cb1.jpg,1
85fc968e-67f7-42eb-86ae-f5aea4301f60.jpg,0
8a1bb033-5db8-44e1-ab48-b9f3851eeb00.jpg,0
b73589ba-2048-4e92-b6cf-ce5500f7d5fc.jpg,0
2f6e7773-3a82-498e-9d9d-59f950929994.jpg,0
766217c1-9251-4bf1-abfe-caa224100ab1.jpg,0
ce468ce3-9098-4484-94b9-069ccbcc45f0.jpg,0
188e6a88-5d00-48fa-adc8-9142a827653c.jpg,0
fc990b73-a136-4cb8-9dfa-21473e65561f.jpg,1
